{
	"format_version": "1.8.0",
	"animations": {
		"forge": {
			"loop": false,
			"animation_length": 1.2917,
			"bones": {
				"head": {
					"rotation": {
						"0.0": {
							"vector": [0, 0, 0]
						},
						"0.375": {
							"vector": [-5.71, -10.37061, -21.37931]
						},
						"0.6667": {
							"vector": [5.04292, -7.4713, -0.6574]
						},
						"0.7917": {
							"vector": [0, 0, 0]
						}
					}
				},
				"body": {
					"position": {
						"vector": [0, -2, 0]
					}
				},
				"left_arms": {
					"rotation": {
						"0.0": {
							"vector": [-22.04332, -1.78403, 3.22895]
						},
						"0.4167": {
							"vector": [-79.14031, -23.04172, -22.66643]
						},
						"0.4583": {
							"vector": [-89.08603, -23.98639, -13.71595]
						},
						"0.75": {
							"vector": [-27.98823, 10.56513, 22.1738]
						},
						"0.8333": {
							"vector": [-31.86008, 0.42988, 13.28283]
						},
						"1.0": {
							"vector": [-22.04332, -1.78403, 3.22895]
						}
					},
					"position": {
						"0.0": {
							"vector": [0, 0, 0]
						},
						"0.4583": {
							"vector": [0.90676, 0.68426, 2.59028]
						},
						"0.5": {
							"vector": [0, 0, 0]
						},
						"0.7917": {
							"vector": [1.60513, -2.56434, 2.44594]
						},
						"0.875": {
							"vector": [0, 0, 0]
						},
						"1.0417": {
							"vector": [0, 0, 0]
						}
					}
				},
				"left_hand": {
					"rotation": {
						"0.0": {
							"vector": [-44.71619, 14.24, -17.60455]
						},
						"0.5": {
							"vector": [-38.13743, 19.67791, -12.20177]
						},
						"0.75": {
							"vector": [-17.21619, 14.24, -17.60455]
						},
						"0.7917": {
							"vector": [-27.21619, 14.24, -17.60455]
						},
						"1.25": {
							"vector": [-44.71619, 14.24, -17.60455]
						}
					}
				},
				"left_feet": {
					"rotation": {
						"0.0": {
							"vector": [0, 0, 0]
						},
						"0.5417": {
							"vector": [-3.78486, -22.99702, -16.20225]
						},
						"0.7917": {
							"vector": [0, 0, 0]
						}
					},
					"position": {
						"0.0": {
							"vector": [0, 0, 0]
						},
						"0.4583": {
							"vector": [1.76793, 0.51371, 0.78137]
						},
						"0.7083": {
							"vector": [0, 0, 0]
						}
					}
				},
				"anvil": {
					"rotation": {
						"0.0": {
							"vector": [5, 80, -180]
						},
						"0.7083": {
							"vector": [5, 80, -180]
						},
						"0.75": {
							"vector": [-5, 80, -180]
						},
						"1.0": {
							"vector": [5, 80, -180]
						}
					},
					"position": {
						"vector": [33.41222, 4.5019, -18.0766]
					}
				},
				"right_feet": {
					"rotation": {
						"0.0": {
							"vector": [0, 0, 0]
						},
						"0.4167": {
							"vector": [0, 22.5, 0]
						},
						"0.6667": {
							"vector": [0, 0, 0]
						}
					},
					"position": {
						"0.0": {
							"vector": [0, 0, 0]
						},
						"0.5": {
							"vector": [-2.54747, 0, 4.30237]
						},
						"0.75": {
							"vector": [0, 0, 0]
						}
					}
				},
				"up_body": {
					"rotation": {
						"0.0": {
							"vector": [0, 0, 0]
						},
						"0.5": {
							"vector": [-5.41199, -23.06265, -5.38894]
						},
						"0.75": {
							"vector": [0, 10, 0]
						},
						"0.875": {
							"vector": [0, 0, 0]
						}
					}
				},
				"un_body": {
					"rotation": {
						"0.0": {
							"vector": [0, 0, 0]
						},
						"0.5": {
							"vector": [0, -12.5, 0]
						},
						"0.75": {
							"vector": [0, 7.5, 0]
						},
						"0.875": {
							"vector": [0, 0, 0]
						}
					}
				},
				"bone": {
					"rotation": {
						"0.0": {
							"vector": [0, 0, 0]
						},
						"0.5": {
							"vector": [0, 0, 0]
						},
						"0.75": {
							"vector": [0, 0, 0]
						}
					}
				},
				"right_arms": {
					"rotation": {
						"0.0": {
							"vector": [0, 0, 0]
						},
						"0.5": {
							"vector": [32.17008, 24.51102, 10.62289]
						},
						"0.6667": {
							"vector": [1.44077, 6.81215, 2.95234]
						},
						"0.7917": {
							"vector": [0, 0, 0]
						}
					}
				},
				"right_hand": {
					"rotation": {
						"0.0": {
							"vector": [0, 0, 0]
						},
						"0.375": {
							"vector": [-18.89218, -18.05776, 8.74472]
						},
						"0.75": {
							"vector": [0, 0, 0]
						},
						"1.0": {
							"vector": [0, 0, 0]
						}
					},
					"position": {
						"0.0": {
							"vector": [0, 0, 0]
						},
						"0.4583": {
							"vector": [0, 0.90631, 0.42262]
						},
						"0.75": {
							"vector": [0, 0, 0]
						},
						"0.9167": {
							"vector": [0, 0, 0]
						}
					}
				}
			}
		},
		"idle": {
			"loop": true,
			"animation_length": 1,
			"bones": {
				"head": {
					"rotation": {
						"0.0": {
							"vector": [0, 0, 0]
						},
						"1.0": {
							"vector": [0, 0, 0]
						}
					}
				},
				"body": {
					"position": {
						"0.0": {
							"vector": [0, -2, 0]
						},
						"1.0": {
							"vector": [0, -2, 0]
						}
					}
				},
				"left_arms": {
					"rotation": {
						"0.0": {
							"vector": [-22.04332, -1.78403, 3.22895]
						},
						"1.0": {
							"vector": [-22.04332, -1.78403, 3.22895]
						}
					},
					"position": {
						"0.0": {
							"vector": [0, 0, 0]
						},
						"1.0": {
							"vector": [0, 0, 0]
						}
					}
				},
				"left_hand": {
					"rotation": {
						"0.0": {
							"vector": [-44.71619, 14.24, -17.60455]
						},
						"1.0": {
							"vector": [-44.71619, 14.24, -17.60455]
						}
					}
				},
				"left_feet": {
					"rotation": {
						"0.0": {
							"vector": [0, 0, 0]
						},
						"1.0": {
							"vector": [0, 0, 0]
						}
					},
					"position": {
						"0.0": {
							"vector": [0, 0, 0]
						},
						"1.0": {
							"vector": [0, 0, 0]
						}
					}
				},
				"anvil": {
					"rotation": {
						"0.0": {
							"vector": [5, 80, -180]
						},
						"1.0": {
							"vector": [5, 80, -180]
						}
					},
					"position": {
						"0.0": {
							"vector": [33.41222, 4.5019, -18.0766]
						},
						"1.0": {
							"vector": [33.41222, 4.5019, -18.0766]
						}
					}
				},
				"right_feet": {
					"rotation": {
						"0.0": {
							"vector": [0, 0, 0]
						},
						"1.0": {
							"vector": [0, 0, 0]
						}
					},
					"position": {
						"0.0": {
							"vector": [0, 0, 0]
						},
						"1.0": {
							"vector": [0, 0, 0]
						}
					}
				},
				"up_body": {
					"rotation": {
						"0.0": {
							"vector": [0, 0, 0]
						},
						"1.0": {
							"vector": [0, 0, 0]
						}
					}
				},
				"un_body": {
					"rotation": {
						"0.0": {
							"vector": [0, 0, 0]
						},
						"1.0": {
							"vector": [0, 0, 0]
						}
					}
				},
				"bone": {
					"rotation": {
						"0.0": {
							"vector": [0, 0, 0]
						},
						"1.0": {
							"vector": [0, 0, 0]
						}
					}
				},
				"right_arms": {
					"rotation": {
						"0.0": {
							"vector": [0, 0, 0]
						},
						"1.0": {
							"vector": [0, 0, 0]
						}
					}
				},
				"right_hand": {
					"rotation": {
						"0.0": {
							"vector": [0, 0, 0]
						},
						"1.0": {
							"vector": [0, 0, 0]
						}
					},
					"position": {
						"0.0": {
							"vector": [0, 0, 0]
						},
						"1.0": {
							"vector": [0, 0, 0]
						}
					}
				}
			}
		}
	},
	"geckolib_format_version": 2
}